INSERT INTO detective (detective_id, created_at, modified_at, version, armed, badge_number, first_name, hiring_date, last_name, passwords, detective_rank, detective_status, username) VALUES (1,'2022-06-20 23:25:50','2022-06-20 23:25:50',1,1,'102001681479','tuan anh','2022-06-20 23:25:50','nguyen cong','password123','TRAINEE','ACTIVE','anhnct1');
INSERT INTO detective (detective_id, created_at, modified_at, version, armed, badge_number, first_name, hiring_date, last_name, passwords, detective_rank, detective_status, username) VALUES (2,'2022-06-20 23:27:11','2022-06-20 23:27:11',1,0,'103001690456','michael','2022-06-20 23:27:11','jackson','khongcopass','INSPECTOR','SUSPENDED','mj');
INSERT INTO detective (detective_id, created_at, modified_at, version, armed, badge_number, first_name, hiring_date, last_name, passwords, detective_rank, detective_status, username) VALUES (3,'2022-06-20 23:28:35','2022-06-20 23:28:35',3,1,'104007681347','prinz','2022-06-20 23:28:35','eugen','mothaibabonnamsaubaytam','CHIEF_INSPECTOR','RETIRED','prinzprinzprinz');
INSERT INTO detective (detective_id, created_at, modified_at, version, armed, badge_number, first_name, hiring_date, last_name, passwords, detective_rank, detective_status, username) VALUES (4,'2022-06-20 23:30:21','2022-06-20 23:30:21',5,1,'109842368110','ijn','2022-06-20 23:30:21','shinano','shinanokawaii','SENIOR','UNDER_INVESTIGATION','shinanoxhakuryuu');
INSERT INTO detective (detective_id, created_at, modified_at, version, armed, badge_number, first_name, hiring_date, last_name, passwords, detective_rank, detective_status, username) VALUES (5,'2022-06-20 23:32:12','2022-06-20 23:32:12',4,0,'100001690413','prinz','2022-06-20 23:32:12','adalbert','adalbertxeugen','JUNIOR','VACATION','adalbertno1');

INSERT INTO criminal_case (criminal_case_id, created_at, modified_at, version, detailed_description, notes, criminal_case_number, short_description, case_status, type, lead_investigator_id) VALUES (1,'2022-06-20 23:48:55','2022-06-20 23:48:55',1,'a very detailed description0','look like a note?','110223697','a super short description0','COLD','FELONY',1);
INSERT INTO criminal_case (criminal_case_id, created_at, modified_at, version, detailed_description, notes, criminal_case_number, short_description, case_status, type, lead_investigator_id) VALUES (2,'2022-06-20 23:45:33','2022-06-20 23:45:33',1,'a very detailed description1','look like a note?','163399455','a super short description1','SUBMITTED','UNCATEGORIZED',1);
INSERT INTO criminal_case (criminal_case_id, created_at, modified_at, version, detailed_description, notes, criminal_case_number, short_description, case_status, type, lead_investigator_id) VALUES (3,'2022-06-20 23:45:33','2022-06-20 23:45:33',2,'a very detailed description2','look like a note?','187542369','a super short description2','UNDER_INVESTIGATION','INFRACTION',2);
INSERT INTO criminal_case (criminal_case_id, created_at, modified_at, version, detailed_description, notes, criminal_case_number, short_description, case_status, type, lead_investigator_id) VALUES (4,'2022-06-20 23:45:33','2022-06-20 23:45:33',3,'a very detailed description3','look like a note?','102354981','a super short description3','IN_COURT','INFRACTION',3);
INSERT INTO criminal_case (criminal_case_id, created_at, modified_at, version, detailed_description, notes, criminal_case_number, short_description, case_status, type, lead_investigator_id) VALUES (5,'2022-06-20 23:45:33','2022-06-20 23:45:33',4,'a very detailed description4','look like a note?','603304415','a super short description4','CLOSED','MISDEMEANOR',4);
INSERT INTO criminal_case (criminal_case_id, created_at, modified_at, version, detailed_description, notes, criminal_case_number, short_description, case_status, type, lead_investigator_id) VALUES (6,'2022-06-20 23:45:33','2022-06-20 23:45:33',3,'a very detailed description5','look like a note?','984236570','a super short description5','DISMISSED','MISDEMEANOR',4);
INSERT INTO criminal_case (criminal_case_id, created_at, modified_at, version, detailed_description, notes, criminal_case_number, short_description, case_status, type, lead_investigator_id) VALUES (7,'2022-06-20 23:45:33','2022-06-20 23:45:33',2,'a very detailed description6','look like a note?','954781066','a super short description6','COLD','FELONY',5);

INSERT INTO working_detective_case (criminal_case_id, detective_id) VALUES (1,1);
INSERT INTO working_detective_case (criminal_case_id, detective_id) VALUES (2,1);
INSERT INTO working_detective_case (criminal_case_id, detective_id) VALUES (3,1);
INSERT INTO working_detective_case (criminal_case_id, detective_id) VALUES (4,1);
INSERT INTO working_detective_case (criminal_case_id, detective_id) VALUES (5,1);
INSERT INTO working_detective_case (criminal_case_id, detective_id) VALUES (6,1);
INSERT INTO working_detective_case (criminal_case_id, detective_id) VALUES (7,1);
INSERT INTO working_detective_case (criminal_case_id, detective_id) VALUES (1,2);
INSERT INTO working_detective_case (criminal_case_id, detective_id) VALUES (2,2);
INSERT INTO working_detective_case (criminal_case_id, detective_id) VALUES (3,2);
INSERT INTO working_detective_case (criminal_case_id, detective_id) VALUES (4,2);
INSERT INTO working_detective_case (criminal_case_id, detective_id) VALUES (5,2);
INSERT INTO working_detective_case (criminal_case_id, detective_id) VALUES (6,2);
INSERT INTO working_detective_case (criminal_case_id, detective_id) VALUES (7,2);
INSERT INTO working_detective_case (criminal_case_id, detective_id) VALUES (1,3);
INSERT INTO working_detective_case (criminal_case_id, detective_id) VALUES (2,3);
INSERT INTO working_detective_case (criminal_case_id, detective_id) VALUES (6,3);
INSERT INTO working_detective_case (criminal_case_id, detective_id) VALUES (7,3);
INSERT INTO working_detective_case (criminal_case_id, detective_id) VALUES (1,4);
INSERT INTO working_detective_case (criminal_case_id, detective_id) VALUES (4,4);
INSERT INTO working_detective_case (criminal_case_id, detective_id) VALUES (5,4);
INSERT INTO working_detective_case (criminal_case_id, detective_id) VALUES (6,4);
INSERT INTO working_detective_case (criminal_case_id, detective_id) VALUES (7,4);
INSERT INTO working_detective_case (criminal_case_id, detective_id) VALUES (1,5);
INSERT INTO working_detective_case (criminal_case_id, detective_id) VALUES (2,5);
INSERT INTO working_detective_case (criminal_case_id, detective_id) VALUES (3,5);
INSERT INTO working_detective_case (criminal_case_id, detective_id) VALUES (4,5);
INSERT INTO working_detective_case (criminal_case_id, detective_id) VALUES (5,5);
INSERT INTO working_detective_case (criminal_case_id, detective_id) VALUES (6,5);
INSERT INTO working_detective_case (criminal_case_id, detective_id) VALUES (7,5);

INSERT INTO storage (storage_id, created_at, modified_at, version, location, storage_number) VALUES (1,'2022-06-20 23:52:23','2022-06-20 23:52:23',1,'Ha Noi','102697');
INSERT INTO storage (storage_id, created_at, modified_at, version, location, storage_number) VALUES (2,'2022-06-20 23:52:23','2022-06-20 23:52:23',2,'Nam Dinh','203336');
INSERT INTO storage (storage_id, created_at, modified_at, version, location, storage_number) VALUES (3,'2022-06-20 23:52:23','2022-06-20 23:52:23',3,'Da Nang','341025');
INSERT INTO storage (storage_id, created_at, modified_at, version, location, storage_number) VALUES (4,'2022-06-20 23:52:23','2022-06-20 23:52:23',4,'TP HCM','987413');
INSERT INTO storage (storage_id, created_at, modified_at, version, location, storage_number) VALUES (5,'2022-06-20 23:52:23','2022-06-20 23:52:23',3,'Nghe An','888741');
INSERT INTO storage (storage_id, created_at, modified_at, version, location, storage_number) VALUES (6,'2022-06-20 23:52:23','2022-06-20 23:52:23',1,'Ca Mau','663512');
INSERT INTO storage (storage_id, created_at, modified_at, version, location, storage_number) VALUES (7,'2022-06-20 23:52:23','2022-06-20 23:52:23',3,'Phu Tho','102379');

INSERT INTO evidence (evidence_id, created_at, modified_at, version, archived, item_name, notes, evidence_number, criminal_case_id, storage_id) VALUES (1,'2022-06-20 23:54:47','2022-06-20 23:54:47',1,1,'item 1','no note','110',1,1);
INSERT INTO evidence (evidence_id, created_at, modified_at, version, archived, item_name, notes, evidence_number, criminal_case_id, storage_id) VALUES (2,'2022-06-20 23:54:47','2022-06-20 23:54:47',2,1,'item 2','no note','111',2,1);
INSERT INTO evidence (evidence_id, created_at, modified_at, version, archived, item_name, notes, evidence_number, criminal_case_id, storage_id) VALUES (3,'2022-06-20 23:54:47','2022-06-20 23:54:47',3,1,'item 3','no note','112',3,1);
INSERT INTO evidence (evidence_id, created_at, modified_at, version, archived, item_name, notes, evidence_number, criminal_case_id, storage_id) VALUES (4,'2022-06-20 23:54:47','2022-06-20 23:54:47',4,1,'item 4','note 1','113',4,2);
INSERT INTO evidence (evidence_id, created_at, modified_at, version, archived, item_name, notes, evidence_number, criminal_case_id, storage_id) VALUES (5,'2022-06-20 23:54:47','2022-06-20 23:54:47',5,0,'item 5','note 3','114',5,3);
INSERT INTO evidence (evidence_id, created_at, modified_at, version, archived, item_name, notes, evidence_number, criminal_case_id, storage_id) VALUES (6,'2022-06-20 23:54:47','2022-06-20 23:54:47',6,0,'item 6','note 2','115',6,3);
INSERT INTO evidence (evidence_id, created_at, modified_at, version, archived, item_name, notes, evidence_number, criminal_case_id, storage_id) VALUES (7,'2022-06-20 23:54:47','2022-06-20 23:54:47',7,1,'item 7','note 4','116',7,4);
INSERT INTO evidence (evidence_id, created_at, modified_at, version, archived, item_name, notes, evidence_number, criminal_case_id, storage_id) VALUES (8,'2022-06-20 23:54:47','2022-06-20 23:54:47',8,0,'item 8','note','117',1,5);
INSERT INTO evidence (evidence_id, created_at, modified_at, version, archived, item_name, notes, evidence_number, criminal_case_id, storage_id) VALUES (9,'2022-06-20 23:54:47','2022-06-20 23:54:47',9,1,'item 9','notenote','118',2,5);
INSERT INTO evidence (evidence_id, created_at, modified_at, version, archived, item_name, notes, evidence_number, criminal_case_id, storage_id) VALUES (10,'2022-06-20 23:54:47','2022-06-20 23:54:47',10,0,'item 10','notenotenote','119',3,6);
INSERT INTO evidence (evidence_id, created_at, modified_at, version, archived, item_name, notes, evidence_number, criminal_case_id, storage_id) VALUES (11,'2022-06-20 23:54:47','2022-06-20 23:54:47',NULL,NULL,'',NULL,'',NULL,7);

INSERT INTO track_entry (track_entry_id, created_at, modified_at, version, action, date, reason, detective_id, evidence_id) VALUES (1,'2022-06-20 23:56:53','2022-06-20 23:56:53',100,'SUBMITTED','2022-06-20 23:56:53','i want to submit',1,1);
INSERT INTO track_entry (track_entry_id, created_at, modified_at, version, action, date, reason, detective_id, evidence_id) VALUES (2,'2022-06-20 23:56:53','2022-06-20 23:56:53',1,'SUBMITTED','2022-06-20 23:56:53','i want to submit',2,2);
INSERT INTO track_entry (track_entry_id, created_at, modified_at, version, action, date, reason, detective_id, evidence_id) VALUES (3,'2022-06-20 23:56:53','2022-06-20 23:56:53',102,'SUBMITTED','2022-06-20 23:56:53','i want to submit',3,3);
INSERT INTO track_entry (track_entry_id, created_at, modified_at, version, action, date, reason, detective_id, evidence_id) VALUES (4,'2022-06-20 23:56:53','2022-06-20 23:56:53',51,'SUBMITTED','2022-06-20 23:56:53','i want to submit',4,4);
INSERT INTO track_entry (track_entry_id, created_at, modified_at, version, action, date, reason, detective_id, evidence_id) VALUES (5,'2022-06-20 23:56:53','2022-06-20 23:56:53',23,'RETRIEVED','2022-06-20 23:56:53','i want to read',4,5);
INSERT INTO track_entry (track_entry_id, created_at, modified_at, version, action, date, reason, detective_id, evidence_id) VALUES (6,'2022-06-20 23:56:53','2022-06-20 23:56:53',94,'RETRIEVED','2022-06-20 23:56:53','i want to read',5,6);
INSERT INTO track_entry (track_entry_id, created_at, modified_at, version, action, date, reason, detective_id, evidence_id) VALUES (7,'2022-06-20 23:56:53','2022-06-20 23:56:53',87,'RETRIEVED','2022-06-20 23:56:53','i want to read',5,7);
INSERT INTO track_entry (track_entry_id, created_at, modified_at, version, action, date, reason, detective_id, evidence_id) VALUES (8,'2022-06-20 23:56:53','2022-06-20 23:56:53',41,'RETRIEVED','2022-06-20 23:56:53','i want to read',1,8);
INSERT INTO track_entry (track_entry_id, created_at, modified_at, version, action, date, reason, detective_id, evidence_id) VALUES (9,'2022-06-20 23:56:53','2022-06-20 23:56:53',10,'RETRIEVED','2022-06-20 23:56:53','i want to read',5,9);
INSERT INTO track_entry (track_entry_id, created_at, modified_at, version, action, date, reason, detective_id, evidence_id) VALUES (10,'2022-06-20 23:56:53','2022-06-20 23:56:53',10,'RETURNED','2022-06-20 23:56:53','i want to return',3,10);
